format,size,load_time
csv,4748,0.025484800338745117
json,11602,0.01849365234375
excel,6797,0.033617496490478516
parquet,3894,0.03572511672973633
